id,title,published_at,views,likes,comments,duration_seconds
an7VFh9_HLY,What’s the minimum total distance the train must travel to deliver all cars? Go!,2025-05-05 13:00:07+00:00,6556,181,34.0,40
hPzjkQFV5yI,Build a Browser Use Agent with ADK and Selenium,2025-05-05 23:00:56+00:00,13700,362,22.0,2237
rRSlUINKXnU,POV: You’re productive... too productive. 🕒💻,2025-05-07 04:00:51+00:00,15854,188,12.0,14
-GKH8xZn6M8,Which I/O session are you most excited for?,2025-05-07 16:00:00+00:00,4945,87,8.0,3
pC2DhFJQocY,Get started with Gemma 3 on Vertex AI,2025-05-07 20:00:29+00:00,8604,197,8.0,730
zprbGE9Gb8g,"So, how many monitors do you use?",2025-05-08 04:01:08+00:00,9776,141,5.0,37
n1mPxhdZ0kc,Day in the Life of a Google Wallet Tech Lead,2025-05-08 17:05:25+00:00,3744,91,3.0,3789
O7vZ4LIPYuk,What's Your I/O Power-Up?,2025-05-08 19:00:32+00:00,4020,99,5.0,21
VSg2ztAdNjw,Just in from the news desk 📰: What is TxGemma?,2025-05-08 23:00:37+00:00,4872,156,7.0,60
IDCG1MOyj78,Tap into a fountain of tech knowledge at #GoogleIO!,2025-05-09 16:34:09+00:00,4873,147,5.0,20
8kkqcevLYis,What will the last comparison print? What happens if we change the strings to contain numbers? Go!,2025-05-12 16:00:22+00:00,5175,106,17.0,21
N1WMctGbz-0,The countdown to #GoogleIO is on!,2025-05-12 19:00:15+00:00,7424,137,5.0,15
bfDLSkzZinE,Coding Tip: Organize your code to follow its data flow for better readability,2025-05-15 04:00:42+00:00,4809,229,4.0,56
sjbFYAaebFY,Just in from the news desk 📰: Agent Developer Kit (ADK),2025-05-15 16:08:37+00:00,7224,251,3.0,52
G4RNny8s8Vw,Revolutionizing AI assistants with the Gemini API,2025-05-15 20:00:16+00:00,20186,740,37.0,114
afwgMImbsSo,100 devs vs. 1 gorilla sized bug,2025-05-16 04:00:02+00:00,11759,143,15.0,8
Tu7-voU7nnw,Build a Multimodal Live Streaming Agent with ADK,2025-05-16 13:01:02+00:00,16268,381,51.0,1255
0Czsjb_ZhH4,Your I/O destiny awaits... 🔮,2025-05-16 23:00:01+00:00,3670,108,6.0,60
XV1kOFo1C8M,"Gemma | Chess: Learn, analyze, and discover a new dimension",2025-05-17 04:00:41+00:00,6460,182,13.0,353
WS13QXU-B3o,What's your I/O mood?,2025-05-20 16:01:00+00:00,4208,107,6.0,19
jH98kvC9f1s,Google’s DolphinGemma: One Giant Splash Towards Interspecies Communication,2025-05-20 19:42:27+00:00,6279,173,23.0,141
MnLRlu3Ob8Y,What’s new in Gemini (Google I/O 2025 recap),2025-05-20 21:41:08+00:00,13084938,14527,25.0,50
HKr58R69EI4,What’s new in Web (Google I/O 2025 recap),2025-05-20 21:41:39+00:00,14120867,17666,19.0,61
GjvgtwSOCao,Google I/O '25 Developer Keynote,2025-05-20 21:47:19+00:00,825208,8574,211.0,4204
bcVhGOKF628,Google I/O '25 Developer Keynote - American Sign Language,2025-05-20 21:47:27+00:00,6607,168,5.0,4204
dL5R0VnCf8k,What’s new in Android (Google I/O 2025 recap),2025-05-20 23:51:12+00:00,18937,486,2.0,52
EMZuKqr69Y8,#GoogleIO 2025 Developer Keynote Recap,2025-05-21 00:09:07+00:00,46088779,2972,138.0,224
MmxPBgrrn4Q,Build a Transformer with JAX,2025-05-22 03:05:44+00:00,2368,90,3.0,1676
gstgT0WRoiE,5 practical Gemini API uses for developers,2025-05-22 03:06:11+00:00,12166,371,12.0,882
juy9nrcTBck,What is JAX?,2025-05-22 03:10:54+00:00,6190,166,7.0,990
gATa_9Dogz4,Train your JAX models using model.fit(...) in Keras 3,2025-05-22 03:22:43+00:00,1386,37,1.0,1170
xLmJJk1gbuE,Small language models with Google AI Edge,2025-05-22 03:23:26+00:00,6825,116,2.0,1068
21tfI9O9RrA,Discover the latest Google Pay and Google Wallet features,2025-05-22 03:28:16+00:00,10549,163,17.0,1230
4TE-KFXvhAk,Google's AI stack for developers,2025-05-22 15:34:25+00:00,16326,382,67.0,2291
gHHjDRDNUNU,Accelerate your development with the Gemini API,2025-05-22 15:36:23+00:00,5281,123,11.0,2776
o7Bv4r08FBM,What's new in the Gemmaverse,2025-05-22 15:36:56+00:00,5652,150,8.0,2437
Uh-7YX8tkxI,Demis Hassabis on the frontiers of AI,2025-05-22 15:37:41+00:00,26811,493,33.0,1791
kj80m-umOxs,What's new in Go,2025-05-22 15:40:05+00:00,76187,2157,171.0,1241
DPQF_6o4G_E,Release Notes: Google I/O 2025 Recap with Josh Woodward and Tulsee Doshi,2025-05-22 16:13:54+00:00,22572,449,54.0,2415
Lq8JRE2YqTU,What’s new in Android (Google I/O 2025 recap),2025-05-22 17:58:49+00:00,11023209,19222,28.0,51
STMN5N-bDko,Under the hood with Google AI,2025-05-22 21:35:42+00:00,6037,118,50.0,2604
5MPxzw15ojE,Turing winner David Patterson: how to give AI a bad carbon footprint,2025-05-22 21:51:44+00:00,1120,35,6.0,2071
sNwaU0w3NS8,"Behind the lens: AI, creativity, and the future of filmmaking tools",2025-05-22 21:55:54+00:00,1639,39,4.0,1338
NYtQuneZMXc,Science in the age of AI,2025-05-22 22:22:57+00:00,1814,49,3.0,2766
5HaXfjHtCWo,Quantum computing: reading signals from the noise,2025-05-22 22:25:00+00:00,1734,58,8.0,1144
LcgnbTMjYcA,"What’s new in the Gemmaverse, Android & Chrome - Google Developer News May 2025 (Google IO Version)",2025-05-22 23:00:31+00:00,2598,71,4.0,395
o7U4DV9Fkc0,Sergey Brin on the Future of AI & Gemini,2025-05-23 19:00:17+00:00,42815,1118,199.0,1640
jnUUo7xso_0,Waymo: AI in the physical world powering the future of driving,2025-05-23 19:43:50+00:00,67295,1338,123.0,1816
1bZVJMQ0uMs,ViddyScribe - Gemini powered accessibility for Video,2025-05-23 20:00:01+00:00,4617,158,12.0,178
VJllI3jMEb4,Darren Aronofsky and Demis Hassabis on storytelling in the age of AI,2025-05-23 22:39:22+00:00,16608,402,50.0,2564
nrakQhg_lf8,Google I/O '25 Developer Keynote - Audio Described,2025-05-23 23:18:03+00:00,3072,57,,4203
fln0EP1_PCQ,How many computations would be needed for a brute force approach? Go!,2025-05-27 13:01:20+00:00,4750,137,13.0,47
HZvb2t3ZBBg,"Google Home APIs, tools, and Gemini capabilities for your apps",2025-05-27 17:21:43+00:00,5481,100,7.0,542
eJFJRyXEHZ0,"Announcing Gemma 3n Preview: Powerful, Efficient, Mobile-First AI",2025-05-27 20:00:15+00:00,304383,7685,401.0,348
6bYCRPPdUxw,"Tell us your best “shouldn’t have worked, but did” coding tale 👀",2025-05-28 04:00:06+00:00,6406,81,10.0,15
dN1DbYyopks,"Living Canvas, a web-based puzzle game powered by Generative AI",2025-05-28 23:13:07+00:00,6811,172,11.0,596
VM3b3csBeUc,Build your first Java agent with Google ADK,2025-05-29 04:00:38+00:00,11269,371,35.0,979
-K7zY3VubVo,What happened at Google I/O 2025? - Google Developer News Special Report,2025-05-29 23:00:00+00:00,5325,122,9.0,2621
B8Fdxdri0aQ,The #GoogleIO recap playlist is live. ✨,2025-05-30 19:50:14+00:00,3829,92,3.0,37
EysJTNLQVZw,AI-powered patient engagement - CareMessage and the Gemini API,2025-05-30 23:00:26+00:00,3529,140,9.0,143
NQO78R6pyp8,What will this log and why? Go!,2025-06-02 13:00:42+00:00,5774,116,11.0,22
fXtKyxUKDpc,Join the Google Home APIs Developer Challenge,2025-06-02 22:58:57+00:00,5098,178,9.0,279
JMIenSHitQk,Join the Google Home APIs Developer Challenge,2025-06-03 04:00:31+00:00,6363,272,5.0,59
MUn6W73HffY,"You came for the keynotes, but stayed for the demos, the devs, and the snacks.",2025-06-04 04:00:20+00:00,6018,101,3.0,21
2YzXNLl1W0Y,Booking flights with Gemma running locally in the browser!,2025-06-04 16:09:56+00:00,5670,236,12.0,64
PvKEHPbZ4-Y,Hybrid LLMs: Utilizing Gemini and Gemma for Edge AI applications,2025-06-04 20:00:16+00:00,16055,603,31.0,241
MwJjFp6V8PE,“What announcement had you the most hyped?”,2025-06-06 16:45:02+00:00,1765,41,0.0,54
zcdMZImwlNo,Hugging Face + Gemma  = 🪄,2025-06-07 01:08:55+00:00,6017,252,6.0,62
YW1m2Z6MyTk,What’s the maximum number of completed products possible in a 10hr shift? Go!,2025-06-09 13:00:57+00:00,4852,102,22.0,31
Smk_SA8GoTU,"""What's one takeaway from #GoogleIO that can boost dev productivity?""",2025-06-10 04:00:29+00:00,3256,89,3.0,41
qqHFXC2n2Xc,Just in from the news desk 📰: Angular V20 is here!,2025-06-10 13:01:28+00:00,4235,142,8.0,61
9_GiWxsIwrE,Google Wallet at I/O’25: Your essential recap with Q&A,2025-06-10 17:06:52+00:00,4250,139,3.0,3757
Cc4rrw0fee8,Refactoring legacy code or debugging in production?  💭,2025-06-11 04:00:14+00:00,9649,165,11.0,43
21_pmVP7gtA,"""What keeps you coming to Google I/O year after year?""",2025-06-12 04:00:02+00:00,4552,65,4.0,32
eCLMWJY1RAg,What kind of use cases is Gemma 1B on-device oriented for? Let’s find out.,2025-06-12 16:42:52+00:00,4319,109,6.0,48
_cdjPCkdGXU,Build a mobile app using the Home APIs on Android,2025-06-12 20:00:32+00:00,6434,221,13.0,772
eFXr0DrbcVc,What I/O announcement made made your team most proud? (Chrome's Version),2025-06-13 04:00:56+00:00,3553,79,2.0,32
i3Pc-Z8YzMQ,Build a mobile app using the Home APIs on Android,2025-06-13 13:01:23+00:00,7238,239,6.0,32
jwbG_m-X-gE,Release Notes: Building Gemini's coding capabilities,2025-06-16 17:01:59+00:00,16178,426,39.0,3628
zgEUfr48PmE,How to make the most out of a GDG event?,2025-06-17 23:00:59+00:00,6188,133,3.0,40
srQpWTIcN_A,What advice would you give to your younger self?,2025-06-18 04:01:05+00:00,4045,118,1.0,26
0qhKmtsfBaw,Google Wallet Passes: Are you making the most of your links?,2025-06-18 16:46:22+00:00,2593,99,8.0,2449
LtRi2F3JRpo,Deep dive on long context in Gemma 3,2025-06-18 20:00:13+00:00,4406,181,9.0,279
UIntXBP--gI,Build AI agents for e-commerce with ADK + Vector Search,2025-06-18 23:00:36+00:00,13740,365,14.0,1812
10deLft7KIE,How would you design your load balancing algorithm? Go!,2025-06-23 13:00:03+00:00,3855,143,28.0,57
3GYgkcFd_ec,Deep dive on multilinguality in Gemma 3,2025-06-24 23:00:03+00:00,4331,167,9.0,256
NW0NssvEeDs,Top 3 use cases for retraining Gemma?,2025-06-25 04:00:22+00:00,7849,171,4.0,35
tVh5R1Z1q9k,Gemini CLI: Vibe coding and deploying Hello World to Cloud Run!,2025-06-25 13:00:49+00:00,40125,909,27.0,59
YxtLYKHntVs,“Just one more line of code before lunch!”,2025-06-26 23:00:38+00:00,8952,148,7.0,16
GFQaUd1JF-U,"Announcing Angular v20, find us on Bluesky, and more! - Google Developer News June 2025",2025-06-27 17:00:31+00:00,8748,194,23.0,149
xbTIzTjpOTQ,Why does this one conditional line log? Go!,2025-06-30 13:01:48+00:00,8027,146,20.0,23
LaLK_FyZOdc,Build a mobile app using the Home APIs on iOS,2025-06-30 23:00:13+00:00,4167,137,11.0,970
QDS3aO2xeJY,Build a mobile app using the Home APIs on iOS,2025-07-01 04:00:42+00:00,7249,187,2.0,35
sS7afkjLc8U,Just in from the news desk 📰: Stitch from Google Labs is here!,2025-07-01 16:01:29+00:00,13896,508,14.0,57
cMx4s-rwodk,Why centering a div is harder than it seems,2025-07-01 23:00:42+00:00,7223,175,7.0,46
UjhpIR79bOU,Biggest shift when moving from IC to manager?,2025-07-02 04:00:39+00:00,5319,97,4.0,26
2cFKh6x6KUc,Controlling a remote-controlled car with Gemma 3n on-device,2025-07-02 18:18:36+00:00,17640,244,10.0,54
K4vXvaRV0dw,Release Notes: Gemini's multimodality,2025-07-02 23:01:04+00:00,26834,730,40.0,2658
Gs112JPIsgM,Enable Google Pay in Android WebView,2025-07-03 04:00:31+00:00,4488,103,7.0,170
9OJ6HbJGWH0,Can you explain whats happening with this output? Go!,2025-07-07 13:00:23+00:00,21332,364,43.0,20
f7q3amS7uOY,Create advanced automations using the Home APIs on Android,2025-07-07 23:00:21+00:00,4034,134,12.0,850
zUStGLjVw70,Create advanced automations using the Home APIs on Android,2025-07-08 04:01:20+00:00,11138,341,3.0,27
W3puqnctOh8,These bugs are really playing hide and seek.,2025-07-09 04:00:40+00:00,7385,85,10.0,13
zYz2dPKnNa0,Level up your AI prompting with this tip,2025-07-10 04:01:14+00:00,10959,530,7.0,49
yvmeHLEQI44,Just in from the news desk 📰: Big milestones for the Gemini family of models!,2025-07-10 16:11:45+00:00,9954,349,10.0,62
EmPZx26--7o,Typing on someone else’s keyboard is harder than you think,2025-07-11 23:00:13+00:00,19125,222,11.0,33
RV5lzb8O2Ng,What’s the shortest way to output the alphabet in Python? Go!,2025-07-14 13:00:49+00:00,18946,199,37.0,29
BLU5RupzCic,Home APIs Tips & Tricks,2025-07-14 23:03:06+00:00,3416,114,5.0,722
Tk-ycqBPpig,Home APIs tips & tricks,2025-07-15 04:00:36+00:00,5632,258,5.0,50
2i8z6NyEQaQ,Get privacy by default with Zero-Knowledge Proofs (ZKP),2025-07-16 04:00:03+00:00,10583,296,9.0,42
gPoz3Lt5gv8,Just JavaScript things. 🙃,2025-07-17 04:00:49+00:00,33239,504,31.0,27
fviyXkQX2a8,Just in from the news desk 📰: Gemini-powered coding tools are now live in Google Colab!,2025-07-17 16:01:11+00:00,7584,231,3.0,46
3NxT1kxL1nY,Veo 3 is now available in preview!,2025-07-17 16:55:10+00:00,86338,1161,91.0,111
lBDpWS0GHNw,It's all just a part of the coding process. 🫧,2025-07-18 04:00:58+00:00,25500,357,18.0,15
pCKrOu6jdR4,What Gemini feature do you want to try? ✨,2025-07-18 19:16:24+00:00,7174,193,5.0,46
2iH-c6HXk-Y,Solve this with as few characters as possible in any language! Go!,2025-07-21 13:00:06+00:00,15704,165,52.0,29
iLfEzd1l7p8,How do LLMs work? 🤔,2025-07-21 23:00:48+00:00,10220,257,15.0,29
ZIbw3Ip-jY8,Here’s how you actually center a div in modern CSS,2025-07-23 04:00:41+00:00,8874,287,17.0,51
GbL9fVQkTi8,"Season 3 - Adrit Rao: AI student, app developer, and researcher",2025-07-23 13:25:02+00:00,276,3,0.0,2836
itoaY1vG2qE,Indira Negi - Investing in AI hardware for health,2025-07-23 13:25:18+00:00,104,3,0.0,3744
U1EzQsYugW0,Jeanine Banks - Leveraging the power of the developer community,2025-07-23 13:25:41+00:00,111,1,0.0,3392
70POPwwbDWM,"Kathleen Kenealy - Creating, building, and releasing Gemma, Google's open model family",2025-07-23 13:25:59+00:00,283,9,0.0,3289
gideh1qZrFo,"Tris Warkentin - Introducing Gemma, Google's family of open models",2025-07-23 13:26:11+00:00,150,2,0.0,3482
9j0poExXp2c,Upskill your career in AI,2025-07-23 13:26:21+00:00,671,22,0.0,3121
JDaMpwCiiJU,François Chollet - Creating Keras 3,2025-07-23 13:26:30+00:00,1288,38,5.0,3932
e2z8mtFPh1s,Google I/O Special with Mat Velloso and Logan Kilpatrick,2025-07-23 13:26:40+00:00,277,8,3.0,3618
jd3JAb6PdYA,Google I/O Special with Sachin Kotwani,2025-07-23 13:26:51+00:00,163,4,0.0,2414
e85KF4hgC-Q,"Season 4 - Gus and Ashley talk AI visionaries, developers, and consumers",2025-07-23 13:29:45+00:00,101,6,0.0,1372
1NJX4sP6ubc,How AI is revolutionizing sign language recognition with Sam Sepah and Thad Starner,2025-07-23 13:30:09+00:00,158,8,0.0,4563
Zcw427_z6Xg,3-step approach to mobile app compliance with Checks co-founders Fergus Hurley and Nia Castelly,2025-07-23 13:30:22+00:00,116,4,0.0,3618
35VxCFuXx8A,Responsible AI panel at DevFest Silicon Valley 2024,2025-07-23 13:30:41+00:00,146,5,2.0,2775
7w_ARTj-mvM,NotebookLM with Steven Johnson and Raiza Martin,2025-07-23 13:30:53+00:00,975,33,2.0,3709
sgx7-NAJJ0g,Digital health with Dr. Oliver Aalami,2025-07-23 13:31:04+00:00,285,13,0.0,2754
XbvHlMTzi6E,"The intersection of AI, art, and design with Douglas Edric Stanley and Anthony Masure",2025-07-23 13:31:13+00:00,244,14,0.0,2836
PALRROM2JWE,Building human-centered AI products with Ovetta Sampson,2025-07-23 13:31:22+00:00,594,15,2.0,3469
EgwACAuk2Lg,How are you using AI in your development workflow? 💭,2025-07-23 16:44:35+00:00,5981,217,5.0,55
zUB5A_ezIOU,Building a frontier AI search experience,2025-07-23 19:01:02+00:00,6179,187,20.0,2597
2won7XwyZwQ,Should your mobile AI run on-device or in the cloud?,2025-07-24 04:00:07+00:00,11990,376,3.0,47
AM3yzTDW65U,Season 5 - Shaping the agentic future with Clement Farabet,2025-07-24 15:00:15+00:00,3355,109,9.0,3157
y2AmaeDLOYY,The future is Autonomous AI agents,2025-07-24 19:01:02+00:00,7503,164,2.0,30
bM0-K18bUfU,"Announcing Gemma 3n, Imagen 4, and more! - Google Developer News June 2025",2025-07-24 23:00:41+00:00,10081,278,23.0,229
fTCynQwzA-I,"Test Driven Development (TDD) can be a drag, but it doesn’t have to be. Here’s how!",2025-07-25 04:00:59+00:00,23678,663,17.0,50
vfz-QklczRI,Top #GoogleIO takeaway? 💡,2025-07-26 01:01:03+00:00,6759,206,6.0,41
SqTl7fFtqiQ,Talk to Gemini with the Live API - Race car demo,2025-07-26 16:00:48+00:00,3272,128,9.0,109
HqCob_4hxjE,Does any language beat Python here in both character count and readability? Go!,2025-07-28 16:02:51+00:00,10667,156,11.0,37
xmT8HiB2o8U,Red flag or green flag? (I/O Connect Berlin),2025-07-29 01:00:54+00:00,15929,374,24.0,74
51fw-SLlwPg,How to keep your mobile app responsive: background threads,2025-07-29 16:00:10+00:00,7864,330,6.0,46
9tqcq1bwm9o,Gemini Code Assist: How to customize a public style guide and apply it to your whole team,2025-07-29 19:00:31+00:00,4927,297,4.0,110
FIJD8dSrE2w,Stop rewriting code every time product requirements shift!,2025-07-30 01:00:19+00:00,6978,345,19.0,71
aH--_8-2TdE,Generalist or specialist? Pick a side 👀,2025-07-30 19:00:01+00:00,12915,184,11.0,29
d6975pmWfr4,App loading slowly? Unoptimized images may be the cause. ☝️ (3 tips to fix),2025-07-31 04:00:50+00:00,9150,386,7.0,46
rvI1gb-UA20,Just in from the news desk 📰: Just in from the news desk: Gemma 3n for mobile-first AI,2025-07-31 23:00:56+00:00,8186,404,11.0,55
ZmtbzEYxBz0,How has your AI use changed over the past year? 🤔,2025-08-01 19:00:38+00:00,6690,158,8.0,50
0lBSjNBuQX4,What will this print and why doesn’t it change when updated? Go!,2025-08-04 13:00:06+00:00,17041,243,12.0,20
5RRxu7QBcvI,Level up your code: 3 practices for success,2025-08-05 01:00:09+00:00,13390,415,8.0,53
4xlwlU6h-wM,Building real-time voice applications with Live API,2025-08-05 23:00:16+00:00,7830,239,15.0,2414
n_fb2t8QLAs,Just in from the news desk 📰: Tune into the Kaggle Game Arena,2025-08-06 16:03:40+00:00,11062,538,11.0,74
AVuFNjyU4Pc,POV: You've been coding solo for years and suddenly a wild programmer appears.,2025-08-07 01:00:10+00:00,105614,878,15.0,5
-miCU6FGfMg,"Get code samples, AI patterns, and prompt libraries to help you build with Angular",2025-08-07 17:08:38+00:00,12197,510,8.0,77
YmzHUQRPg0k,Improve web accessibility! Start here.,2025-08-07 23:00:40+00:00,2852,87,2.0,54
hwLgGcwUTk8,Which new tools are you most excited to build with?,2025-08-08 19:00:48+00:00,8574,322,10.0,55
7-p_5GVi2PU,What is the minimum time to deploy all services? How would you schedule them across servers? Go!,2025-08-11 13:00:25+00:00,16034,502,41.0,45
njDochQ2zHs,"Demis Hassabis on shipping momentum, better evals and world models",2025-08-11 17:00:17+00:00,70282,1869,115.0,1870
yZR3isciWd8,Automate issue triage & pull request reviews with Gemini CLI Github Action,2025-08-12 16:01:40+00:00,15841,544,20.0,356
Pofx_TKEce0,Using AI to analyze cricket swings,2025-08-13 01:00:32+00:00,4786,200,13.0,112
2U89cLw4u-A,Just in from the news desk 📰: Updates to Firebase Studio for full-stack AI apps,2025-08-14 16:00:04+00:00,3292,108,6.0,58
iP2lm2wdlQg,What is wrong with the timing issue and how can it be fixed? Go!,2025-08-18 13:01:17+00:00,7213,110,12.0,19
E0hrcDO3Noc,Introducing Opal,2025-08-18 19:17:20+00:00,296016,3183,267.0,124
vCxHCDbOS9A,Vibe coding,2025-08-19 01:00:50+00:00,24177,391,16.0,10
9W3CVUTuQew,What's on the news desk for Google Developers this month? Take a peek!,2025-08-19 16:00:23+00:00,4178,98,5.0,25
t0MraF45AOY,Talking to computers,2025-08-19 21:40:30+00:00,5263,293,17.0,76
8DhhZ8I2NAI,Can you tell I work at Google?,2025-08-20 04:00:09+00:00,31843,392,19.0,12
fXaeutEgjw4,"Maybe I need a hug to fix the bug? Actually, a nap sounds better.",2025-08-21 04:00:46+00:00,14594,134,11.0,10
W7ZzuiX3Cc4,"Kaggle Game Arena, AI tools in Firebase Studio, and more! - Google Developer News August 2025",2025-08-21 16:00:51+00:00,6727,148,8.0,173
a34Jaw_frDc,Solving problems with code,2025-08-22 04:00:01+00:00,5550,127,8.0,42
sxeCxg1b-5k,What will each of these lines log to the console and why? Go!,2025-08-25 13:01:36+00:00,7039,105,10.0,18
K7rNKhrQ4xo,Rating things my manager said to me,2025-08-26 04:00:19+00:00,7375,89,5.0,44
Bi-wi2q_Xog,Building with Gemini 2.5 Flash Image in Google AI Studio,2025-08-26 17:50:11+00:00,37263,1099,57.0,2628
UE-xe8y8EJ8,Upgrade your workflow with agentic coding,2025-08-26 21:06:34+00:00,3548,77,6.0,56
H6ZXujE1qBA,"Behind the scenes of Google's state-of-the-art ""nano-banana"" image model",2025-08-27 01:00:13+00:00,40784,1147,99.0,1833
4zW0iSkMHYM,How to create custom AI evaluators in Stax,2025-08-27 17:00:26+00:00,1323,40,3.0,142
ANpQEc_fWUU,Evaluate your AI with Stax,2025-08-27 17:00:40+00:00,21637,675,28.0,253
DtOeEqasQYs,Why using DRY (Don’t Repeat Yourself) too early can work against you!,2025-08-28 04:00:29+00:00,9514,268,9.0,34
0H0c1JHqTjg,Just in from the news desk 📰: Release of Dart 3.9 and Flutter 3.35,2025-08-28 16:00:02+00:00,5514,190,2.0,70
bvfTtLzWVPw,The evolved developer with Muhammad Farooq,2025-08-28 23:00:51+00:00,3677,125,14.0,3331
H3AVJ6HtNOE,Task-focused coding agents: The future of software developers,2025-08-29 04:00:19+00:00,5069,90,2.0,40
IYpt25GHB1U,Power up your LLMs: Gemini CLI and Model Context Protocol (MCP),2025-08-29 16:00:23+00:00,57607,2079,84.0,543
JLmswjJSA3w,Teamwork decoded ✅🚩,2025-08-29 23:00:20+00:00,12052,291,12.0,78
on53GnHbGw8,See what’s possible with Gemini and Gemma.,2025-09-02 23:01:01+00:00,3625,109,0.0,60
V7KlKIk9Uxw,How to prototype apps faster,2025-09-03 04:00:38+00:00,6298,192,4.0,51
MayitpBSogg,SMURF? Get the most out of your tests.,2025-09-03 16:00:44+00:00,3880,126,4.0,75
XebqcEaM5XY,#GoogleIOConnect China  was a success!,2025-09-04 04:00:41+00:00,3409,107,3.0,52
Xu1X-J-r5Xk,Introducing EmbeddingGemma: The Best-in-Class Open Model for On-Device Embeddings,2025-09-04 16:02:40+00:00,101310,4265,210.0,253
3UcZSaCXEKc,"The ""Last Mile"" of Context Window Management in AI Code assistance",2025-09-04 19:00:05+00:00,3487,142,4.0,78
BZYPZlSIAk4,Just in from the news desk 📰: Gemma 3 270M,2025-09-04 23:00:17+00:00,6539,186,11.0,58
UTdfxFyOQTI,Learn to Build with Gemini Nano-Banana (Gemini 2.5 Flash Image),2025-09-05 23:00:52+00:00,79112,771,27.0,642
8GkWFd0Xewo,What will this function actually print? Go!,2025-09-08 13:00:25+00:00,4923,81,20.0,20
L8zkQ-tRu8s,Introduction to Model Context Protocol (MCP),2025-09-09 23:00:20+00:00,11268,530,8.0,70
-ccwqJu_ASo,Creative storytelling with AI: The making of Ancestra,2025-09-10 16:00:00+00:00,2453,79,9.0,3700
o7mdsL6BHsk,GDM’s Pushmeet Kohli on solving science's biggest challenges with AI,2025-09-10 19:00:49+00:00,5619,190,20.0,2249
